SKU,Quantity,Store,Retailer
Solo,1,00986: RANGE CHANGE EXIT,Currys
Air,1,00986: RANGE CHANGE EXIT,Currys
POS Lite & Solo,1,01604: PRESTON DEEPDALE,Currys
Solo,2,01604: PRESTON DEEPDALE,Currys
Air,1,01604: PRESTON DEEPDALE,Currys
Air Bundle,1,01604: PRESTON DEEPDALE,Currys
POS Lite & Solo,1,01610: THANET,Currys
Solo,2,01610: THANET,Currys
Air,1,01610: THANET,Currys
Air Bundle,0,01610: THANET,Currys
Air Bundle,1,01622: LLANELLI,Currys
Air Bundle,1,01800: STIRLING,Currys
POS Lite & Solo,1,01803: ST HELENS,Currys
Solo,3,01803: ST HELENS,Currys
Air,0,01803: ST HELENS,Currys
Air Bundle,1,01803: ST HELENS,Currys
POS Lite & Solo,2,01805: PORTSMOUTH,Currys
Solo,1,01805: PORTSMOUTH,Currys
Air,1,01805: PORTSMOUTH,Currys
Air Bundle,2,01805: PORTSMOUTH,Currys
Air,1,01813: WIGAN,Currys
POS Lite & Solo,1,02154: CARDIFF EAST,Currys
Solo,2,02154: CARDIFF EAST,Currys
Air,2,02154: CARDIFF EAST,Currys
Air Bundle,2,02154: CARDIFF EAST,Currys
Air,1,02162: YEOVIL,Currys
POS Lite & Solo,1,02175: MEDWAY,Currys
Solo,2,02175: MEDWAY,Currys
Air,2,02175: MEDWAY,Currys
Air Bundle,2,02175: MEDWAY,Currys
POS Lite & Solo,1,02206: CREWE,Currys
Solo,2,02206: CREWE,Currys
Air,1,02206: CREWE,Currys
Air Bundle,1,02206: CREWE,Currys
POS Lite & Solo,1,02209: SWINDON,Currys
Solo,2,02209: SWINDON,Currys
Air,2,02209: SWINDON,Currys
Air Bundle,1,02209: SWINDON,Currys
POS Lite & Solo,2,02222: LIVERPOOL AINTREE,Currys
Solo,2,02222: LIVERPOOL AINTREE,Currys
Air,0,02222: LIVERPOOL AINTREE,Currys
Air Bundle,2,02222: LIVERPOOL AINTREE,Currys
POS Lite & Solo,1,02223: SOUTHAMPTON,Currys
Solo,2,02223: SOUTHAMPTON,Currys
Air,1,02223: SOUTHAMPTON,Currys
Air Bundle,1,02223: SOUTHAMPTON,Currys
Solo,2,02225: SLOUGH,Currys
Air,1,02225: SLOUGH,Currys
Air Bundle,1,02225: SLOUGH,Currys
POS Lite & Solo,1,02230: NEWPORT GWENT,Currys
Solo,2,02230: NEWPORT GWENT,Currys
Air,1,02230: NEWPORT GWENT,Currys
Air Bundle,1,02230: NEWPORT GWENT,Currys
POS Lite & Solo,1,02235: SCUNTHORP,Currys
Solo,4,02235: SCUNTHORP,Currys
Air,1,02235: SCUNTHORP,Currys
Air Bundle,1,02235: SCUNTHORP,Currys
POS Lite & Solo,1,02237: ROTHERHAM,Currys
Solo,6,02237: ROTHERHAM,Currys
Air,1,02237: ROTHERHAM,Currys
Air Bundle,1,02237: ROTHERHAM,Currys
POS Lite & Solo,2,02243: COVENTRY,Currys
Solo,3,02243: COVENTRY,Currys
Air,3,02243: COVENTRY,Currys
Air Bundle,1,02243: COVENTRY,Currys
Solo,1,02245: WAKEFIELD,Currys
POS Lite & Solo,1,02250: STOKE FESTIVAL PARK,Currys
Solo,2,02250: STOKE FESTIVAL PARK,Currys
Air,2,02250: STOKE FESTIVAL PARK,Currys
Air Bundle,3,02250: STOKE FESTIVAL PARK,Currys
POS Lite & Solo,1,02259: NORTH SHIELDS,Currys
Solo,2,02259: NORTH SHIELDS,Currys
Air,1,02259: NORTH SHIELDS,Currys
Air Bundle,1,02259: NORTH SHIELDS,Currys
POS Lite & Solo,1,02260: OLDHAM,Currys
Solo,2,02260: OLDHAM,Currys
Air,2,02260: OLDHAM,Currys
Air Bundle,1,02260: OLDHAM,Currys
POS Lite & Solo,1,02265: IPSWICH,Currys
Solo,1,02265: IPSWICH,Currys
Air,2,02265: IPSWICH,Currys
Air Bundle,1,02265: IPSWICH,Currys
POS Lite & Solo,1,02266: CRAWLEY,Currys
Solo,3,02266: CRAWLEY,Currys
Air,2,02266: CRAWLEY,Currys
Air Bundle,1,02266: CRAWLEY,Currys
Solo,1,02271: ROCHDALE,Currys
POS Lite & Solo,1,02272: LEICESTER FOSSE,Currys
Solo,2,02272: LEICESTER FOSSE,Currys
Air,1,02272: LEICESTER FOSSE,Currys
Air Bundle,1,02272: LEICESTER FOSSE,Currys
Solo,1,02281: CHESTERFIELD,Currys
Air,1,02281: CHESTERFIELD,Currys
POS Lite & Solo,1,02282: TEESSIDE PARK,Currys
Solo,2,02282: TEESSIDE PARK,Currys
Air,1,02282: TEESSIDE PARK,Currys
Air Bundle,1,02282: TEESSIDE PARK,Currys
POS Lite & Solo,1,02285: CRIBBS CAUSEWAY,Currys
Solo,2,02285: CRIBBS CAUSEWAY,Currys
Air,1,02285: CRIBBS CAUSEWAY,Currys
Air Bundle,2,02285: CRIBBS CAUSEWAY,Currys
POS Lite & Solo,1,02287: MERRY HILL RETAIL PARK,Currys
Solo,2,02287: MERRY HILL RETAIL PARK,Currys
Air,1,02287: MERRY HILL RETAIL PARK,Currys
Air Bundle,0,02287: MERRY HILL RETAIL PARK,Currys
POS Lite & Solo,1,02290: POOLE,Currys
Solo,3,02290: POOLE,Currys
Air,1,02290: POOLE,Currys
Air Bundle,1,02290: POOLE,Currys
POS Lite & Solo,1,02292: LINCOLN,Currys
Solo,2,02292: LINCOLN,Currys
Air,1,02292: LINCOLN,Currys
Air Bundle,1,02292: LINCOLN,Currys
POS Lite & Solo,1,02304: LEEDS BIRSTALL,Currys
Solo,2,02304: LEEDS BIRSTALL,Currys
Air,2,02304: LEEDS BIRSTALL,Currys
Air Bundle,2,02304: LEEDS BIRSTALL,Currys
POS Lite & Solo,2,02306: TELFORD,Currys
Solo,2,02306: TELFORD,Currys
Air,1,02306: TELFORD,Currys
Air Bundle,2,02306: TELFORD,Currys
POS Lite & Solo,3,02308: BECKTON,Currys
Solo,11,02308: BECKTON,Currys
Air,9,02308: BECKTON,Currys
Solo Printer,3,02308: BECKTON,Currys
Air Bundle,5,02308: BECKTON,Currys
POS Lite & Solo,2,02311: CHARLTON,Currys
Solo,2,02311: CHARLTON,Currys
Air,2,02311: CHARLTON,Currys
POS Lite & Solo,1,02318: CROYDON,Currys
Solo,2,02318: CROYDON,Currys
Air,1,02318: CROYDON,Currys
Air Bundle,1,02318: CROYDON,Currys
POS Lite & Solo,1,02322: HULL ST ANDREWS QUAY,Currys
Solo,4,02322: HULL ST ANDREWS QUAY,Currys
Air,2,02322: HULL ST ANDREWS QUAY,Currys
Air Bundle,2,02322: HULL ST ANDREWS QUAY,Currys
POS Lite & Solo,1,02327: MAIDSTONE,Currys
Solo,2,02327: MAIDSTONE,Currys
Air,2,02327: MAIDSTONE,Currys
Air Bundle,2,02327: MAIDSTONE,Currys
Solo,1,02332: BROMLEY,Currys
Air,1,02332: BROMLEY,Currys
Air Bundle,1,02332: BROMLEY,Currys
Solo,1,02336: KEIGHLEY,Currys
POS Lite & Solo,1,02337: SHEFFIELD HEELEY,Currys
Solo,2,02337: SHEFFIELD HEELEY,Currys
Air,1,02337: SHEFFIELD HEELEY,Currys
Air Bundle,1,02337: SHEFFIELD HEELEY,Currys
Air,1,02339: DURHAM,Currys
Air,1,02344: HAMILTON,Currys
Air,1,02355: SUTTON COLDFIELD,Currys
Air Bundle,1,02355: SUTTON COLDFIELD,Currys
Air Bundle,1,02356: CHELTENHAM,Currys
POS Lite & Solo,1,02368: GLASGOW BRAEHEAD,Currys
Solo,2,02368: GLASGOW BRAEHEAD,Currys
Air,1,02368: GLASGOW BRAEHEAD,Currys
Air Bundle,2,02368: GLASGOW BRAEHEAD,Currys
Air,1,02370: BATH,Currys
Air Bundle,1,02370: BATH,Currys
POS Lite & Solo,2,02371: MANSFIELD,Currys
Solo,2,02371: MANSFIELD,Currys
Air,1,02371: MANSFIELD,Currys
Air Bundle,1,02371: MANSFIELD,Currys
POS Lite & Solo,1,02379: WARRINGTON,Currys
Solo,2,02379: WARRINGTON,Currys
Air,1,02379: WARRINGTON,Currys
Air Bundle,1,02379: WARRINGTON,Currys
POS Lite & Solo,1,02382: DUNDEE,Currys
Solo,1,02382: DUNDEE,Currys
Air,1,02382: DUNDEE,Currys
Air Bundle,3,02382: DUNDEE,Currys
POS Lite & Solo,2,02388: WEDNESBURY J9,Currys
Solo,2,02388: WEDNESBURY J9,Currys
Air,0,02388: WEDNESBURY J9,Currys
Air Bundle,2,02388: WEDNESBURY J9,Currys
POS Lite & Solo,1,02389: HARROGATE,Currys
Solo,4,02389: HARROGATE,Currys
Air,2,02389: HARROGATE,Currys
Air Bundle,1,02389: HARROGATE,Currys
POS Lite & Solo,2,02393: CAMBRIDGE,Currys
Solo,1,02393: CAMBRIDGE,Currys
Air,0,02393: CAMBRIDGE,Currys
Air Bundle,1,02393: CAMBRIDGE,Currys
Air,1,02395: SOUTHEND,Currys
POS Lite & Solo,1,02396: ABERDEEN GARTHDEE,Currys
Solo,1,02396: ABERDEEN GARTHDEE,Currys
Air,1,02396: ABERDEEN GARTHDEE,Currys
Air Bundle,2,02396: ABERDEEN GARTHDEE,Currys
POS Lite & Solo,1,02401: OXFORD,Currys
Solo,2,02401: OXFORD,Currys
Air,2,02401: OXFORD,Currys
Air Bundle,2,02401: OXFORD,Currys
POS Lite & Solo,1,02402: GATESHEAD TEAM VALLEY,Currys
Solo,3,02402: GATESHEAD TEAM VALLEY,Currys
Air,0,02402: GATESHEAD TEAM VALLEY,Currys
Air Bundle,2,02402: GATESHEAD TEAM VALLEY,Currys
POS Lite & Solo,1,02405: YORK,Currys
Solo,3,02405: YORK,Currys
Air,2,02405: YORK,Currys
Air Bundle,0,02405: YORK,Currys
POS Lite & Solo,1,02408: BURNLEY,Currys
Solo,2,02408: BURNLEY,Currys
Air,1,02408: BURNLEY,Currys
Air Bundle,1,02408: BURNLEY,Currys
POS Lite & Solo,1,02409: MILTON KEYNES,Currys
Solo,2,02409: MILTON KEYNES,Currys
Air,1,02409: MILTON KEYNES,Currys
Air Bundle,1,02409: MILTON KEYNES,Currys
POS Lite & Solo,1,02414: NEWTOWNABBEY,Currys
Solo,1,02414: NEWTOWNABBEY,Currys
Air,2,02414: NEWTOWNABBEY,Currys
Air Bundle,1,02414: NEWTOWNABBEY,Currys
POS Lite & Solo,1,02420: BLACKPOOL,Currys
Solo,1,02420: BLACKPOOL,Currys
Air,1,02420: BLACKPOOL,Currys
POS Lite & Solo,1,02423: STEVENAGE,Currys
Solo,3,02423: STEVENAGE,Currys
Air,1,02423: STEVENAGE,Currys
Air Bundle,2,02423: STEVENAGE,Currys
POS Lite & Solo,1,02427: ENFIELD.,Currys
Solo,2,02427: ENFIELD.,Currys
Air,2,02427: ENFIELD.,Currys
Air Bundle,2,02427: ENFIELD.,Currys
POS Lite & Solo,2,02429: LISBURN,Currys
Solo,2,02429: LISBURN,Currys
Air,3,02429: LISBURN,Currys
Air Bundle,2,02429: LISBURN,Currys
POS Lite & Solo,1,02430: WREXHAM,Currys
Solo,3,02430: WREXHAM,Currys
Air,1,02430: WREXHAM,Currys
Air Bundle,1,02430: WREXHAM,Currys
POS Lite & Solo,1,02432: STAPLES CORNER,Currys
Solo,2,02432: STAPLES CORNER,Currys
Air,1,02432: STAPLES CORNER,Currys
Air Bundle,2,02432: STAPLES CORNER,Currys
POS Lite & Solo,1,02433: CHESTER,Currys
Solo,3,02433: CHESTER,Currys
Air,0,02433: CHESTER,Currys
Air Bundle,2,02433: CHESTER,Currys
POS Lite & Solo,1,02434: NOTTINGHAM CASTLE MARINA,Currys
Solo,3,02434: NOTTINGHAM CASTLE MARINA,Currys
Air,1,02434: NOTTINGHAM CASTLE MARINA,Currys
Air Bundle,2,02434: NOTTINGHAM CASTLE MARINA,Currys
POS Lite & Solo,1,02446: LUTON,Currys
Solo,3,02446: LUTON,Currys
Air,2,02446: LUTON,Currys
Air Bundle,1,02446: LUTON,Currys
POS Lite & Solo,1,02463: EXETER,Currys
Solo,2,02463: EXETER,Currys
Air,1,02463: EXETER,Currys
Air Bundle,2,02463: EXETER,Currys
POS Lite & Solo,2,02467: NEW MALDEN,Currys
Solo,2,02467: NEW MALDEN,Currys
Air,2,02467: NEW MALDEN,Currys
Solo Printer,1,02467: NEW MALDEN,Currys
Air Bundle,3,02467: NEW MALDEN,Currys
POS Lite & Solo,2,02483: READING,Currys
Solo,2,02483: READING,Currys
Air,2,02483: READING,Currys
Air Bundle,2,02483: READING,Currys
POS Lite & Solo,1,02484: BRENTFORD,Currys
Solo,2,02484: BRENTFORD,Currys
Air,1,02484: BRENTFORD,Currys
Air Bundle,2,02484: BRENTFORD,Currys
POS Lite & Solo,1,02486: LIVINGSTON,Currys
Solo,2,02486: LIVINGSTON,Currys
Air,1,02486: LIVINGSTON,Currys
Air Bundle,1,02486: LIVINGSTON,Currys
POS Lite & Solo,2,02800: SWANSEA MORFA,Currys
Solo,2,02800: SWANSEA MORFA,Currys
Air,2,02800: SWANSEA MORFA,Currys
Solo Printer,1,02800: SWANSEA MORFA,Currys
Air Bundle,0,02800: SWANSEA MORFA,Currys
POS Lite & Solo,1,02805: TOTTENHAM COURT ROAD,Currys
Solo,2,02805: TOTTENHAM COURT ROAD,Currys
Air,0,02805: TOTTENHAM COURT ROAD,Currys
Air Bundle,1,02805: TOTTENHAM COURT ROAD,Currys
POS Lite & Solo,1,02810: BROMBOROUGH,Currys
Solo,2,02810: BROMBOROUGH,Currys
Air,0,02810: BROMBOROUGH,Currys
Air Bundle,3,02810: BROMBOROUGH,Currys
POS Lite & Solo,1,02811: CARLISLE,Currys
Solo,2,02811: CARLISLE,Currys
Air,0,02811: CARLISLE,Currys
Air Bundle,1,02811: CARLISLE,Currys
POS Lite & Solo,2,02812: OLD KENT ROAD,Currys
Solo,2,02812: OLD KENT ROAD,Currys
Air,2,02812: OLD KENT ROAD,Currys
Air Bundle,2,02812: OLD KENT ROAD,Currys
POS Lite & Solo,1,02813: HIGH WYCOMBE,Currys
Solo,3,02813: HIGH WYCOMBE,Currys
Air,1,02813: HIGH WYCOMBE,Currys
Air Bundle,2,02813: HIGH WYCOMBE,Currys
Air,1,02814: CARMARTHEN,Currys
Solo,1,02816: LEEDS CENTRAL,Currys
POS Lite & Solo,1,02826: LOUGHBOROUGH,Currys
Solo,2,02826: LOUGHBOROUGH,Currys
Air,1,02826: LOUGHBOROUGH,Currys
Air Bundle,1,02826: LOUGHBOROUGH,Currys
POS Lite & Solo,1,02828: STOCKPORT,Currys
Air,1,02828: STOCKPORT,Currys
Air Bundle,5,02828: STOCKPORT,Currys
POS Lite & Solo,1,02839: SOLIHULL,Currys
Solo,4,02839: SOLIHULL,Currys
Air,3,02839: SOLIHULL,Currys
Air Bundle,2,02839: SOLIHULL,Currys
Solo,3,02849: LEICESTER ST GEORGES,Currys
POS Lite & Solo,1,02854: CHELMSFORD,Currys
Solo,3,02854: CHELMSFORD,Currys
Air,1,02854: CHELMSFORD,Currys
Air Bundle,2,02854: CHELMSFORD,Currys
POS Lite & Solo,1,02856: SYDENHAM,Currys
Solo,2,02856: SYDENHAM,Currys
Air,2,02856: SYDENHAM,Currys
Air Bundle,2,02856: SYDENHAM,Currys
Solo,1,02857: KENDAL,Currys
POS Lite & Solo,1,02862: EDINBURGH KINNAIRD,Currys
Solo,1,02862: EDINBURGH KINNAIRD,Currys
Air,1,02862: EDINBURGH KINNAIRD,Currys
Air Bundle,1,02862: EDINBURGH KINNAIRD,Currys
POS Lite & Solo,2,02866: PLYMOUTH,Currys
Solo,3,02866: PLYMOUTH,Currys
Air,3,02866: PLYMOUTH,Currys
Air Bundle,2,02866: PLYMOUTH,Currys
POS Lite & Solo,1,02878: BOURNEMOUTH,Currys
Solo,3,02878: BOURNEMOUTH,Currys
Air,2,02878: BOURNEMOUTH,Currys
Air Bundle,1,02878: BOURNEMOUTH,Currys
POS Lite & Solo,2,02904: NORWICH,Currys
Solo,1,02904: NORWICH,Currys
Air,1,02904: NORWICH,Currys
POS Lite & Solo,1,02906: BRIGHTON & HOVE,Currys
Solo,2,02906: BRIGHTON & HOVE,Currys
Air,1,02906: BRIGHTON & HOVE,Currys
Air Bundle,2,02906: BRIGHTON & HOVE,Currys
Air Bundle,1,02922: STRATFORD-UPON-AVON,Currys
POS Lite & Solo,0,04944: CURRYS ONLINE 'OMS VIRTUAL',Currys
Solo,0,04944: CURRYS ONLINE 'OMS VIRTUAL',Currys
Air,-3,04944: CURRYS ONLINE 'OMS VIRTUAL',Currys
Solo Printer,0,04944: CURRYS ONLINE 'OMS VIRTUAL',Currys
Air Bundle,-2,04944: CURRYS ONLINE 'OMS VIRTUAL',Currys
POS Lite & Solo,0,04947: PCW ONLINE OMS VIRTUAL,Currys
Solo,0,04947: PCW ONLINE OMS VIRTUAL,Currys
Air,0,04947: PCW ONLINE OMS VIRTUAL,Currys
Solo Printer,0,04947: PCW ONLINE OMS VIRTUAL,Currys
Air Bundle,0,04947: PCW ONLINE OMS VIRTUAL,Currys
POS Lite & Solo,0,04985: IRELAND ONLINE SMALLBOX DIRECT,Currys
Solo,0,04985: IRELAND ONLINE SMALLBOX DIRECT,Currys
Air,0,04985: IRELAND ONLINE SMALLBOX DIRECT,Currys
Solo Printer,0,04985: IRELAND ONLINE SMALLBOX DIRECT,Currys
Air Bundle,0,04985: IRELAND ONLINE SMALLBOX DIRECT,Currys
POS Lite & Solo,0,05088: PCWB DIRECT SALE 'OMS VIRTUAL',Currys
Solo,0,05088: PCWB DIRECT SALE 'OMS VIRTUAL',Currys
Air,2,05088: PCWB DIRECT SALE 'OMS VIRTUAL',Currys
Solo Printer,0,05088: PCWB DIRECT SALE 'OMS VIRTUAL',Currys
Air Bundle,0,05088: PCWB DIRECT SALE 'OMS VIRTUAL',Currys
POS Lite & Solo,-1,05089: PCWB ONLINE CUSTOMER RETURNS,Currys
Solo,-1,05089: PCWB ONLINE CUSTOMER RETURNS,Currys
Air,-3,05089: PCWB ONLINE CUSTOMER RETURNS,Currys
Air Bundle,-1,05089: PCWB ONLINE CUSTOMER RETURNS,Currys
POS Lite & Solo,1,05230: THURROCK,Currys
Solo,2,05230: THURROCK,Currys
Air,1,05230: THURROCK,Currys
Air Bundle,4,05230: THURROCK,Currys
POS Lite & Solo,1,05234: GUILDFORD,Currys
Solo,2,05234: GUILDFORD,Currys
Air,2,05234: GUILDFORD,Currys
Air Bundle,2,05234: GUILDFORD,Currys
POS Lite & Solo,1,05238: PETERBOROUGH,Currys
Solo,2,05238: PETERBOROUGH,Currys
Air,1,05238: PETERBOROUGH,Currys
Air Bundle,1,05238: PETERBOROUGH,Currys
POS Lite & Solo,1,05251: HAYES,Currys
Solo,1,05251: HAYES,Currys
Air,1,05251: HAYES,Currys
POS Lite & Solo,30,07099: NEWARK RDC,Currys
Solo,29,07099: NEWARK RDC,Currys
Air,211,07099: NEWARK RDC,Currys
Solo Printer,54,07099: NEWARK RDC,Currys
Air Bundle,4,07099: NEWARK RDC,Currys
Air,-1,07272: ONLINE CSC INVESTIGATIONS,Currys
POS Lite & Solo,2,07800: NATIONAL RETURNS,Currys
Solo,8,07800: NATIONAL RETURNS,Currys
Air,10,07800: NATIONAL RETURNS,Currys
Solo Printer,3,07800: NATIONAL RETURNS,Currys
Air Bundle,3,07800: NATIONAL RETURNS,Currys
Air Bundle,2,JERSEY WHS JERSEYLTD,WHSmith
Solo,0,JERSEY WHS JERSEYLTD,WHSmith
Air,0,JERSEY WHS JERSEYLTD,WHSmith
Air Bundle,0,GUERNSEY,WHSmith
Solo,1,GUERNSEY,WHSmith
Air,2,GUERNSEY,WHSmith
Air Bundle,2,YORK,WHSmith
Solo,2,YORK,WHSmith
Air,3,YORK,WHSmith
Air Bundle,2,YEOVIL,WHSmith
Solo,2,YEOVIL,WHSmith
Air,3,YEOVIL,WHSmith
Air Bundle,0,WREXHAM,WHSmith
Solo,0,WREXHAM,WHSmith
Air,0,WREXHAM,WHSmith
Air Bundle,3,SOUTH ST WORTHING,WHSmith
Solo,3,SOUTH ST WORTHING,WHSmith
Air,2,SOUTH ST WORTHING,WHSmith
Air Bundle,0,WORKINGTON,WHSmith
Solo,0,WORKINGTON,WHSmith
Air,0,WORKINGTON,WHSmith
Air Bundle,3,WORCESTER (RE-SITE),WHSmith
Solo,5,WORCESTER (RE-SITE),WHSmith
Air,5,WORCESTER (RE-SITE),WHSmith
Air Bundle,0,WORCESTER PARK,WHSmith
Solo,1,WORCESTER PARK,WHSmith
Air,2,WORCESTER PARK,WHSmith
Air Bundle,2,WOODBRIDGE,WHSmith
Solo,1,WOODBRIDGE,WHSmith
Air,3,WOODBRIDGE,WHSmith
Air Bundle,2,WOKINGHAM,WHSmith
Solo,4,WOKINGHAM,WHSmith
Air,3,WOKINGHAM,WHSmith
Air Bundle,3,COMERCIAL WAY WOKING,WHSmith
Solo,2,COMERCIAL WAY WOKING,WHSmith
Air,4,COMERCIAL WAY WOKING,WHSmith
Air Bundle,2,WITNEY,WHSmith
Solo,2,WITNEY,WHSmith
Air,5,WITNEY,WHSmith
Air Bundle,0,WISBECH,WHSmith
Solo,1,WISBECH,WHSmith
Air,2,WISBECH,WHSmith
Air Bundle,0,WINDSOR,WHSmith
Solo,1,WINDSOR,WHSmith
Air,1,WINDSOR,WHSmith
Air Bundle,0,WINDERMERE,WHSmith
Solo,0,WINDERMERE,WHSmith
Air,0,WINDERMERE,WHSmith
Air Bundle,2,WINCHESTER,WHSmith
Solo,2,WINCHESTER,WHSmith
Air,2,WINCHESTER,WHSmith
Air Bundle,1,WIMBLEDON-NEW STORE,WHSmith
Solo,4,WIMBLEDON-NEW STORE,WHSmith
Air,3,WIMBLEDON-NEW STORE,WHSmith
Air Bundle,1,WIMBORNE,WHSmith
Solo,2,WIMBORNE,WHSmith
Air,2,WIMBORNE,WHSmith
Air Bundle,0,WILMSLOW,WHSmith
Solo,2,WILMSLOW,WHSmith
Air,1,WILMSLOW,WHSmith
Air Bundle,0,WICKFORD,WHSmith
Solo,2,WICKFORD,WHSmith
Air,4,WICKFORD,WHSmith
Air Bundle,0,WHITELEY,WHSmith
Solo,0,WHITELEY,WHSmith
Air,0,WHITELEY,WHSmith
Air Bundle,0,WHITEHAVEN,WHSmith
Solo,3,WHITEHAVEN,WHSmith
Air,2,WHITEHAVEN,WHSmith
Air Bundle,3,WHITE CITY,WHSmith
Solo,1,WHITE CITY,WHSmith
Air,3,WHITE CITY,WHSmith
Air Bundle,0,WHITCHURCH,WHSmith
Solo,0,WHITCHURCH,WHSmith
Air,0,WHITCHURCH,WHSmith
Air Bundle,2,WEYMOUTH,WHSmith
Solo,4,WEYMOUTH,WHSmith
Air,3,WEYMOUTH,WHSmith
Air Bundle,2,WEYBRIDGE,WHSmith
Solo,4,WEYBRIDGE,WHSmith
Air,4,WEYBRIDGE,WHSmith
Air Bundle,2,WICKHAM WEST,WHSmith
Solo,5,WICKHAM WEST,WHSmith
Air,2,WICKHAM WEST,WHSmith
Air Bundle,0,WESTON SUPER MARE O,WHSmith
Solo,1,WESTON SUPER MARE O,WHSmith
Air,2,WESTON SUPER MARE O,WHSmith
Air Bundle,0,WESTON FAVELL,WHSmith
Solo,3,WESTON FAVELL,WHSmith
Air,2,WESTON FAVELL,WHSmith
Air Bundle,1,WELWYN GARDEN CITY,WHSmith
Solo,0,WELWYN GARDEN CITY,WHSmith
Air,0,WELWYN GARDEN CITY,WHSmith
Air Bundle,0,WELLS,WHSmith
Solo,2,WELLS,WHSmith
Air,2,WELLS,WHSmith
Air Bundle,0,WELLINGTON SOMERSET,WHSmith
Solo,1,WELLINGTON SOMERSET,WHSmith
Air,2,WELLINGTON SOMERSET,WHSmith
Air Bundle,0,WELLINGBOROUGH,WHSmith
Solo,0,WELLINGBOROUGH,WHSmith
Air,0,WELLINGBOROUGH,WHSmith
Air Bundle,2,WATFORD HARLEQUIN,WHSmith
Solo,1,WATFORD HARLEQUIN,WHSmith
Air,2,WATFORD HARLEQUIN,WHSmith
Air Bundle,0,WATERLOOVILLE,WHSmith
Solo,1,WATERLOOVILLE,WHSmith
Air,2,WATERLOOVILLE,WHSmith
Air Bundle,0,WARWICK,WHSmith
Solo,1,WARWICK,WHSmith
Air,5,WARWICK,WHSmith
Air Bundle,2,WARRINGTON,WHSmith
Solo,3,WARRINGTON,WHSmith
Air,2,WARRINGTON,WHSmith
Air Bundle,0,WARMINSTER,WHSmith
Solo,0,WARMINSTER,WHSmith
Air,0,WARMINSTER,WHSmith
Air Bundle,0,WANTAGE,WHSmith
Solo,1,WANTAGE,WHSmith
Air,2,WANTAGE,WHSmith
Air Bundle,0,WANDSWORTH,WHSmith
Solo,2,WANDSWORTH,WHSmith
Air,8,WANDSWORTH,WHSmith
Air Bundle,1,WALTON-ON-THAMES,WHSmith
Solo,4,WALTON-ON-THAMES,WHSmith
Air,3,WALTON-ON-THAMES,WHSmith
Air Bundle,0,WALTHAM CROSS,WHSmith
Solo,2,WALTHAM CROSS,WHSmith
Air,3,WALTHAM CROSS,WHSmith
Air Bundle,0,WALSALL,WHSmith
Solo,2,WALSALL,WHSmith
Air,0,WALSALL,WHSmith
Air Bundle,4,WALLINGTON,WHSmith
Solo,2,WALLINGTON,WHSmith
Air,2,WALLINGTON,WHSmith
Air Bundle,0,WAKEFIELD,WHSmith
Solo,0,WAKEFIELD,WHSmith
Air,0,WAKEFIELD,WHSmith
Air Bundle,2,UXBRIDGE O,WHSmith
Solo,1,UXBRIDGE O,WHSmith
Air,4,UXBRIDGE O,WHSmith
Air Bundle,0,UTTOXETER,WHSmith
Solo,0,UTTOXETER,WHSmith
Air,0,UTTOXETER,WHSmith
Air Bundle,2,UCKFIELD,WHSmith
Solo,1,UCKFIELD,WHSmith
Air,2,UCKFIELD,WHSmith
Air Bundle,0,17 HIGHST UCKFLD BBS,WHSmith
Solo,1,17 HIGHST UCKFLD BBS,WHSmith
Air,2,17 HIGHST UCKFLD BBS,WHSmith
Air Bundle,0,TWICKENHAM,WHSmith
Solo,1,TWICKENHAM,WHSmith
Air,1,TWICKENHAM,WHSmith
Air Bundle,0,CHISWICK,WHSmith
Solo,2,CHISWICK,WHSmith
Air,5,CHISWICK,WHSmith
Air Bundle,2,TUNBRIDGE WELLS,WHSmith
Solo,2,TUNBRIDGE WELLS,WHSmith
Air,3,TUNBRIDGE WELLS,WHSmith
Air Bundle,2,TRURO,WHSmith
Solo,1,TRURO,WHSmith
Air,8,TRURO,WHSmith
Air Bundle,0,TROWBRIDGE,WHSmith
Solo,0,TROWBRIDGE,WHSmith
Air,0,TROWBRIDGE,WHSmith
Air Bundle,0,TROON,WHSmith
Solo,0,TROON,WHSmith
Air,0,TROON,WHSmith
Air Bundle,2,TRAFFORD PARK,WHSmith
Solo,4,TRAFFORD PARK,WHSmith
Air,6,TRAFFORD PARK,WHSmith
Air Bundle,0,TOTNES,WHSmith
Solo,1,TOTNES,WHSmith
Air,2,TOTNES,WHSmith
Air Bundle,0,61HIGH TONBRIDGE STY,WHSmith
Solo,1,61HIGH TONBRIDGE STY,WHSmith
Air,2,61HIGH TONBRIDGE STY,WHSmith
Air Bundle,5,TIVERTON,WHSmith
Solo,2,TIVERTON,WHSmith
Air,2,TIVERTON,WHSmith
Air Bundle,0,THORNBURY,WHSmith
Solo,0,THORNBURY,WHSmith
Air,0,THORNBURY,WHSmith
Air Bundle,0,THURROCK,WHSmith
Solo,2,THURROCK,WHSmith
Air,3,THURROCK,WHSmith
Air Bundle,2,THIRSK,WHSmith
Solo,2,THIRSK,WHSmith
Air,3,THIRSK,WHSmith
Air Bundle,0,THETFORD,WHSmith
Solo,0,THETFORD,WHSmith
Air,0,THETFORD,WHSmith
Air Bundle,0,TEWKESBURY,WHSmith
Solo,2,TEWKESBURY,WHSmith
Air,2,TEWKESBURY,WHSmith
Air Bundle,2,TENTERDEN,WHSmith
Solo,4,TENTERDEN,WHSmith
Air,3,TENTERDEN,WHSmith
Air Bundle,0,TENBY,WHSmith
Solo,0,TENBY,WHSmith
Air,0,TENBY,WHSmith
Air Bundle,0,TEMPLE FORTUNE,WHSmith
Solo,2,TEMPLE FORTUNE,WHSmith
Air,2,TEMPLE FORTUNE,WHSmith
Air Bundle,2,TELFORD,WHSmith
Solo,4,TELFORD,WHSmith
Air,3,TELFORD,WHSmith
Air Bundle,0,TEIGNMOUTH,WHSmith
Solo,1,TEIGNMOUTH,WHSmith
Air,2,TEIGNMOUTH,WHSmith
Air Bundle,2,TEESIDE RETAIL PARK,WHSmith
Solo,3,TEESIDE RETAIL PARK,WHSmith
Air,2,TEESIDE RETAIL PARK,WHSmith
Air Bundle,0,TEDDINGTON WHSXBBS,WHSmith
Solo,1,TEDDINGTON WHSXBBS,WHSmith
Air,2,TEDDINGTON WHSXBBS,WHSmith
Air Bundle,0,TAVISTOCK,WHSmith
Solo,2,TAVISTOCK,WHSmith
Air,8,TAVISTOCK,WHSmith
Air Bundle,2,TAUNTON,WHSmith
Solo,5,TAUNTON,WHSmith
Air,6,TAUNTON,WHSmith
Air Bundle,0,VENTURA PARK,WHSmith
Solo,3,VENTURA PARK,WHSmith
Air,3,VENTURA PARK,WHSmith
Air Bundle,3,SWINDON,WHSmith
Solo,1,SWINDON,WHSmith
Air,1,SWINDON,WHSmith
Air Bundle,2,SWANSEA O,WHSmith
Solo,4,SWANSEA O,WHSmith
Air,3,SWANSEA O,WHSmith
Air Bundle,0,SWANAGE,WHSmith
Solo,1,SWANAGE,WHSmith
Air,2,SWANAGE,WHSmith
Air Bundle,1,SUTTON COLDFIELD,WHSmith
Solo,2,SUTTON COLDFIELD,WHSmith
Air,3,SUTTON COLDFIELD,WHSmith
Air Bundle,2,SUTTON O,WHSmith
Solo,1,SUTTON O,WHSmith
Air,3,SUTTON O,WHSmith
Air Bundle,0,5NORTHST SUDBURY STY,WHSmith
Solo,1,5NORTHST SUDBURY STY,WHSmith
Air,2,5NORTHST SUDBURY STY,WHSmith
Air Bundle,0,STROUD,WHSmith
Solo,0,STROUD,WHSmith
Air,0,STROUD,WHSmith
Air Bundle,0,STREATHAM,WHSmith
Solo,1,STREATHAM,WHSmith
Air,1,STREATHAM,WHSmith
Air Bundle,2,STRATFORD-UPON-AVON,WHSmith
Solo,1,STRATFORD-UPON-AVON,WHSmith
Air,3,STRATFORD-UPON-AVON,WHSmith
Air Bundle,3,STRATFORD - WESTFLD,WHSmith
Solo,5,STRATFORD - WESTFLD,WHSmith
Air,3,STRATFORD - WESTFLD,WHSmith
Air Bundle,0,MAYBIRD - STRATFORD,WHSmith
Solo,1,MAYBIRD - STRATFORD,WHSmith
Air,2,MAYBIRD - STRATFORD,WHSmith
Air Bundle,0,STRANRAER,WHSmith
Solo,1,STRANRAER,WHSmith
Air,4,STRANRAER,WHSmith
Air Bundle,0,STONE,WHSmith
Solo,1,STONE,WHSmith
Air,4,STONE,WHSmith
Air Bundle,2,STOCKPORT O,WHSmith
Solo,1,STOCKPORT O,WHSmith
Air,2,STOCKPORT O,WHSmith
Air Bundle,2,STIRLING,WHSmith
Solo,1,STIRLING,WHSmith
Air,4,STIRLING,WHSmith
Air Bundle,8,STEVENAGE,WHSmith
Solo,4,STEVENAGE,WHSmith
Air,6,STEVENAGE,WHSmith
Air Bundle,0,STAMFORD,WHSmith
Solo,0,STAMFORD,WHSmith
Air,0,STAMFORD,WHSmith
Air Bundle,2,STAFFORD,WHSmith
Solo,1,STAFFORD,WHSmith
Air,2,STAFFORD,WHSmith
Air Bundle,2,SPALDING,WHSmith
Solo,1,SPALDING,WHSmith
Air,3,SPALDING,WHSmith
Air Bundle,0,SOUTHWICK WHSXBBS,WHSmith
Solo,0,SOUTHWICK WHSXBBS,WHSmith
Air,0,SOUTHWICK WHSXBBS,WHSmith
Air Bundle,0,SOUTHSEA,WHSmith
Solo,2,SOUTHSEA,WHSmith
Air,2,SOUTHSEA,WHSmith
Air Bundle,3,SOUTHPORT,WHSmith
Solo,4,SOUTHPORT,WHSmith
Air,2,SOUTHPORT,WHSmith
Air Bundle,0,SOUTHGATE,WHSmith
Solo,0,SOUTHGATE,WHSmith
Air,0,SOUTHGATE,WHSmith
Air Bundle,2,SOUTHEND,WHSmith
Solo,1,SOUTHEND,WHSmith
Air,3,SOUTHEND,WHSmith
Air Bundle,2,SOUTHAMPTON,WHSmith
Solo,1,SOUTHAMPTON,WHSmith
Air,4,SOUTHAMPTON,WHSmith
Air Bundle,3,SOLIHULL,WHSmith
Solo,0,SOLIHULL,WHSmith
Air,3,SOLIHULL,WHSmith
Air Bundle,0,SLEAFORD,WHSmith
Solo,0,SLEAFORD,WHSmith
Air,0,SLEAFORD,WHSmith
Air Bundle,2,SKIPTON,WHSmith
Solo,3,SKIPTON,WHSmith
Air,5,SKIPTON,WHSmith
Air Bundle,0,SITTINGBOURNE,WHSmith
Solo,1,SITTINGBOURNE,WHSmith
Air,2,SITTINGBOURNE,WHSmith
Air Bundle,2,SHREWSBURY,WHSmith
Solo,2,SHREWSBURY,WHSmith
Air,4,SHREWSBURY,WHSmith
Air Bundle,0,SHOREHAM WHSXBBS,WHSmith
Solo,1,SHOREHAM WHSXBBS,WHSmith
Air,2,SHOREHAM WHSXBBS,WHSmith
Air Bundle,0,SHERINGHAM,WHSmith
Solo,1,SHERINGHAM,WHSmith
Air,2,SHERINGHAM,WHSmith
Air Bundle,0,SHERBORNE,WHSmith
Solo,4,SHERBORNE,WHSmith
Air,2,SHERBORNE,WHSmith
Air Bundle,0,MEADOWHALL,WHSmith
Solo,6,MEADOWHALL,WHSmith
Air,7,MEADOWHALL,WHSmith
Air Bundle,0,SHEFFIELD,WHSmith
Solo,4,SHEFFIELD,WHSmith
Air,2,SHEFFIELD,WHSmith
Air Bundle,0,SHAFTESBURY,WHSmith
Solo,0,SHAFTESBURY,WHSmith
Air,0,SHAFTESBURY,WHSmith
Air Bundle,2,SEVENOAKS,WHSmith
Solo,2,SEVENOAKS,WHSmith
Air,3,SEVENOAKS,WHSmith
Air Bundle,0,HIGH ST SEVENOAK BBS,WHSmith
Solo,0,HIGH ST SEVENOAK BBS,WHSmith
Air,0,HIGH ST SEVENOAK BBS,WHSmith
Air Bundle,0,SELBY,WHSmith
Solo,1,SELBY,WHSmith
Air,2,SELBY,WHSmith
Air Bundle,0,SEAFORD,WHSmith
Solo,1,SEAFORD,WHSmith
Air,2,SEAFORD,WHSmith
Air Bundle,0,BROAD ST SEAFORD BBS,WHSmith
Solo,1,BROAD ST SEAFORD BBS,WHSmith
Air,2,BROAD ST SEAFORD BBS,WHSmith
Air Bundle,0,SCUNTHORPE,WHSmith
Solo,0,SCUNTHORPE,WHSmith
Air,0,SCUNTHORPE,WHSmith
Air Bundle,2,SCARBOROUGH,WHSmith
Solo,1,SCARBOROUGH,WHSmith
Air,3,SCARBOROUGH,WHSmith
Air Bundle,3,SAUCHIEHALL GLASGOWO,WHSmith
Solo,2,SAUCHIEHALL GLASGOWO,WHSmith
Air,2,SAUCHIEHALL GLASGOWO,WHSmith
Air Bundle,0,SANDBACH,WHSmith
Solo,2,SANDBACH,WHSmith
Air,4,SANDBACH,WHSmith
Air Bundle,3,SALISBURY,WHSmith
Solo,4,SALISBURY,WHSmith
Air,6,SALISBURY,WHSmith
Air Bundle,2,SAFFRON WALDEN,WHSmith
Solo,1,SAFFRON WALDEN,WHSmith
Air,2,SAFFRON WALDEN,WHSmith
Air Bundle,0,ST IVES (CAMBRIDGE),WHSmith
Solo,1,ST IVES (CAMBRIDGE),WHSmith
Air,1,ST IVES (CAMBRIDGE),WHSmith
Air Bundle,0,ST AUSTELL,WHSmith
Solo,1,ST AUSTELL,WHSmith
Air,2,ST AUSTELL,WHSmith
Air Bundle,2,ST ANNES,WHSmith
Solo,2,ST ANNES,WHSmith
Air,1,ST ANNES,WHSmith
Air Bundle,4,ST ANDREWS,WHSmith
Solo,1,ST ANDREWS,WHSmith
Air,2,ST ANDREWS,WHSmith
Air Bundle,0,ST ALBANS MARKET SQ,WHSmith
Solo,1,ST ALBANS MARKET SQ,WHSmith
Air,2,ST ALBANS MARKET SQ,WHSmith
Air Bundle,0,RUSTINGTON WHSXBBS,WHSmith
Solo,0,RUSTINGTON WHSXBBS,WHSmith
Air,0,RUSTINGTON WHSXBBS,WHSmith
Air Bundle,0,RYDE ISLE OF WIGHT,WHSmith
Solo,0,RYDE ISLE OF WIGHT,WHSmith
Air,0,RYDE ISLE OF WIGHT,WHSmith
Air Bundle,0,RUISLIP,WHSmith
Solo,0,RUISLIP,WHSmith
Air,0,RUISLIP,WHSmith
Air Bundle,0,RUGBY,WHSmith
Solo,3,RUGBY,WHSmith
Air,2,RUGBY,WHSmith
Air Bundle,0,ROYSTON,WHSmith
Solo,0,ROYSTON,WHSmith
Air,0,ROYSTON,WHSmith
Air Bundle,0,ROSS ON WYE,WHSmith
Solo,0,ROSS ON WYE,WHSmith
Air,0,ROSS ON WYE,WHSmith
Air Bundle,0,ROMSEY,WHSmith
Solo,1,ROMSEY,WHSmith
Air,2,ROMSEY,WHSmith
Air Bundle,2,ROMFORD,WHSmith
Solo,3,ROMFORD,WHSmith
Air,4,ROMFORD,WHSmith
Air Bundle,3,ROCHDALE O,WHSmith
Solo,3,ROCHDALE O,WHSmith
Air,3,ROCHDALE O,WHSmith
Air Bundle,0,RIPON,WHSmith
Solo,1,RIPON,WHSmith
Air,2,RIPON,WHSmith
Air Bundle,0,RICKMANSWORTH,WHSmith
Solo,1,RICKMANSWORTH,WHSmith
Air,2,RICKMANSWORTH,WHSmith
Air Bundle,2,RICHMOND O,WHSmith
Solo,1,RICHMOND O,WHSmith
Air,4,RICHMOND O,WHSmith
Air Bundle,0,RICHMOND (YORKSHIRE),WHSmith
Solo,1,RICHMOND (YORKSHIRE),WHSmith
Air,2,RICHMOND (YORKSHIRE),WHSmith
Air Bundle,0,REIGATE WHSXBBS,WHSmith
Solo,1,REIGATE WHSXBBS,WHSmith
Air,2,REIGATE WHSXBBS,WHSmith
Air Bundle,3,REDHILL,WHSmith
Solo,5,REDHILL,WHSmith
Air,6,REDHILL,WHSmith
Air Bundle,2,REDDITCH O,WHSmith
Solo,3,REDDITCH O,WHSmith
Air,2,REDDITCH O,WHSmith
Air Bundle,0,REDCAR,WHSmith
Solo,0,REDCAR,WHSmith
Air,0,REDCAR,WHSmith
Air Bundle,6,READING,WHSmith
Solo,1,READING,WHSmith
Air,2,READING,WHSmith
Air Bundle,0,PRINCES RISBOROUGH,WHSmith
Solo,0,PRINCES RISBOROUGH,WHSmith
Air,0,PRINCES RISBOROUGH,WHSmith
Air Bundle,3,FISHERGATE PRESTON,WHSmith
Solo,1,FISHERGATE PRESTON,WHSmith
Air,2,FISHERGATE PRESTON,WHSmith
Air Bundle,0,DEEPDALE PRESTON,WHSmith
Solo,1,DEEPDALE PRESTON,WHSmith
Air,2,DEEPDALE PRESTON,WHSmith
Air Bundle,2,POOLE,WHSmith
Solo,1,POOLE,WHSmith
Air,2,POOLE,WHSmith
Air Bundle,1,PONTEFRACT,WHSmith
Solo,3,PONTEFRACT,WHSmith
Air,2,PONTEFRACT,WHSmith
Air Bundle,1,PLYMOUTH O,WHSmith
Solo,1,PLYMOUTH O,WHSmith
Air,1,PLYMOUTH O,WHSmith
Air Bundle,3,PINNER,WHSmith
Solo,2,PINNER,WHSmith
Air,3,PINNER,WHSmith
Air Bundle,3,PETERSFIELD,WHSmith
Solo,3,PETERSFIELD,WHSmith
Air,3,PETERSFIELD,WHSmith
Air Bundle,0,PETERHEAD,WHSmith
Solo,1,PETERHEAD,WHSmith
Air,3,PETERHEAD,WHSmith
Air Bundle,2,PERTH,WHSmith
Solo,1,PERTH,WHSmith
Air,4,PERTH,WHSmith
Air Bundle,4,PENZANCE,WHSmith
Solo,2,PENZANCE,WHSmith
Air,3,PENZANCE,WHSmith
Air Bundle,0,PENRITH,WHSmith
Solo,1,PENRITH,WHSmith
Air,2,PENRITH,WHSmith
Air Bundle,0,PENARTH,WHSmith
Solo,0,PENARTH,WHSmith
Air,0,PENARTH,WHSmith
Air Bundle,0,PANGBOURNE,WHSmith
Solo,0,PANGBOURNE,WHSmith
Air,0,PANGBOURNE,WHSmith
Air Bundle,4,PAISLEY,WHSmith
Solo,4,PAISLEY,WHSmith
Air,2,PAISLEY,WHSmith
Air Bundle,0,PAIGNTON,WHSmith
Solo,0,PAIGNTON,WHSmith
Air,0,PAIGNTON,WHSmith
Air Bundle,2,OXFORD O,WHSmith
Solo,2,OXFORD O,WHSmith
Air,3,OXFORD O,WHSmith
Air Bundle,0,OSWESTRY,WHSmith
Solo,0,OSWESTRY,WHSmith
Air,0,OSWESTRY,WHSmith
Air Bundle,0,NUGENT ORPINGTON STY,WHSmith
Solo,0,NUGENT ORPINGTON STY,WHSmith
Air,2,NUGENT ORPINGTON STY,WHSmith
Air Bundle,2,HIGH ST ORPINGTON,WHSmith
Solo,1,HIGH ST ORPINGTON,WHSmith
Air,5,HIGH ST ORPINGTON,WHSmith
Air Bundle,2,ORMSKIRK,WHSmith
Solo,2,ORMSKIRK,WHSmith
Air,2,ORMSKIRK,WHSmith
Air Bundle,2,NUNEATON,WHSmith
Solo,2,NUNEATON,WHSmith
Air,3,NUNEATON,WHSmith
Air Bundle,2,NOTTINGHAM VICTORIA,WHSmith
Solo,1,NOTTINGHAM VICTORIA,WHSmith
Air,5,NOTTINGHAM VICTORIA,WHSmith
Air Bundle,3,ST STEPHENS NORWICH,WHSmith
Solo,1,ST STEPHENS NORWICH,WHSmith
Air,2,ST STEPHENS NORWICH,WHSmith
Air Bundle,2,GENTS WALK NORWICH,WHSmith
Solo,4,GENTS WALK NORWICH,WHSmith
Air,1,GENTS WALK NORWICH,WHSmith
Air Bundle,0,NORTHWICH,WHSmith
Solo,0,NORTHWICH,WHSmith
Air,0,NORTHWICH,WHSmith
Air Bundle,0,NORTHAMPTON,WHSmith
Solo,2,NORTHAMPTON,WHSmith
Air,6,NORTHAMPTON,WHSmith
Air Bundle,1,NORTHALLERTON,WHSmith
Solo,4,NORTHALLERTON,WHSmith
Air,2,NORTHALLERTON,WHSmith
Air Bundle,0,NEWTON ABBOT,WHSmith
Solo,2,NEWTON ABBOT,WHSmith
Air,4,NEWTON ABBOT,WHSmith
Air Bundle,0,NEWQUAY,WHSmith
Solo,0,NEWQUAY,WHSmith
Air,0,NEWQUAY,WHSmith
Air Bundle,2,NEWPORT I OF W,WHSmith
Solo,1,NEWPORT I OF W,WHSmith
Air,2,NEWPORT I OF W,WHSmith
Air Bundle,0,80HIGH NEWMARKET STY,WHSmith
Solo,1,80HIGH NEWMARKET STY,WHSmith
Air,2,80HIGH NEWMARKET STY,WHSmith
Air Bundle,0,NEW MALDEN,WHSmith
Solo,0,NEW MALDEN,WHSmith
Air,0,NEW MALDEN,WHSmith
Air Bundle,2,NEWCASTLE,WHSmith
Solo,1,NEWCASTLE,WHSmith
Air,3,NEWCASTLE,WHSmith
Air Bundle,2,NEWBURY,WHSmith
Solo,2,NEWBURY,WHSmith
Air,5,NEWBURY,WHSmith
Air Bundle,0,NEWARK,WHSmith
Solo,2,NEWARK,WHSmith
Air,2,NEWARK,WHSmith
Air Bundle,0,NEATH,WHSmith
Solo,0,NEATH,WHSmith
Air,0,NEATH,WHSmith
Air Bundle,0,NANTWICH 52 HIGH ST,WHSmith
Solo,1,NANTWICH 52 HIGH ST,WHSmith
Air,2,NANTWICH 52 HIGH ST,WHSmith
Air Bundle,0,NAILSEA,WHSmith
Solo,1,NAILSEA,WHSmith
Air,2,NAILSEA,WHSmith
Air Bundle,0,MUSWELL HILL,WHSmith
Solo,1,MUSWELL HILL,WHSmith
Air,2,MUSWELL HILL,WHSmith
Air Bundle,0,MOSSLEY HILL,WHSmith
Solo,1,MOSSLEY HILL,WHSmith
Air,2,MOSSLEY HILL,WHSmith
Air Bundle,2,MORPETH,WHSmith
Solo,3,MORPETH,WHSmith
Air,3,MORPETH,WHSmith
Air Bundle,0,MONTROSE,WHSmith
Solo,0,MONTROSE,WHSmith
Air,0,MONTROSE,WHSmith
Air Bundle,2,MONMOUTH,WHSmith
Solo,5,MONMOUTH,WHSmith
Air,2,MONMOUTH,WHSmith
Air Bundle,2,MONKS CROSS,WHSmith
Solo,1,MONKS CROSS,WHSmith
Air,7,MONKS CROSS,WHSmith
Air Bundle,0,MOLD,WHSmith
Solo,1,MOLD,WHSmith
Air,2,MOLD,WHSmith
Air Bundle,2,MIDDLETON,WHSmith
Solo,1,MIDDLETON,WHSmith
Air,2,MIDDLETON,WHSmith
Air Bundle,0,MINEHEAD,WHSmith
Solo,1,MINEHEAD,WHSmith
Air,2,MINEHEAD,WHSmith
Air Bundle,2,MILTON KEYNES,WHSmith
Solo,3,MILTON KEYNES,WHSmith
Air,4,MILTON KEYNES,WHSmith
Air Bundle,3,MIDDLESBROUGH CLV O,WHSmith
Solo,1,MIDDLESBROUGH CLV O,WHSmith
Air,4,MIDDLESBROUGH CLV O,WHSmith
Air Bundle,0,NEW MERSEY RETAIL PK,WHSmith
Solo,1,NEW MERSEY RETAIL PK,WHSmith
Air,3,NEW MERSEY RETAIL PK,WHSmith
Air Bundle,0,MELTON MOWBRAY,WHSmith
Solo,0,MELTON MOWBRAY,WHSmith
Air,0,MELTON MOWBRAY,WHSmith
Air Bundle,0,MARLOW,WHSmith
Solo,3,MARLOW,WHSmith
Air,2,MARLOW,WHSmith
Air Bundle,2,MARLBOROUGH,WHSmith
Solo,4,MARLBOROUGH,WHSmith
Air,4,MARLBOROUGH,WHSmith
Air Bundle,0,MARKET HARBOROUGH,WHSmith
Solo,1,MARKET HARBOROUGH,WHSmith
Air,2,MARKET HARBOROUGH,WHSmith
Air Bundle,0,MARKET DRAYTON,WHSmith
Solo,0,MARKET DRAYTON,WHSmith
Air,0,MARKET DRAYTON,WHSmith
Air Bundle,2,MANSFIELD,WHSmith
Solo,2,MANSFIELD,WHSmith
Air,2,MANSFIELD,WHSmith
Air Bundle,0,MALTON,WHSmith
Solo,1,MALTON,WHSmith
Air,7,MALTON,WHSmith
Air Bundle,0,MALMESBURY,WHSmith
Solo,0,MALMESBURY,WHSmith
Air,0,MALMESBURY,WHSmith
Air Bundle,2,MALDON,WHSmith
Solo,3,MALDON,WHSmith
Air,4,MALDON,WHSmith
Air Bundle,2,MAIDSTONE,WHSmith
Solo,1,MAIDSTONE,WHSmith
Air,3,MAIDSTONE,WHSmith
Air Bundle,4,MAIDENHEAD,WHSmith
Solo,4,MAIDENHEAD,WHSmith
Air,9,MAIDENHEAD,WHSmith
Air Bundle,3,MACCLESFIELD,WHSmith
Solo,2,MACCLESFIELD,WHSmith
Air,3,MACCLESFIELD,WHSmith
Air Bundle,0,LYMINGTON,WHSmith
Solo,4,LYMINGTON,WHSmith
Air,2,LYMINGTON,WHSmith
Air Bundle,0,LUDLOW,WHSmith
Solo,0,LUDLOW,WHSmith
Air,0,LUDLOW,WHSmith
Air Bundle,2,LOWESTOFT,WHSmith
Solo,2,LOWESTOFT,WHSmith
Air,2,LOWESTOFT,WHSmith
Air Bundle,0,LOUTH,WHSmith
Solo,1,LOUTH,WHSmith
Air,2,LOUTH,WHSmith
Air Bundle,0,LOUGHTON,WHSmith
Solo,3,LOUGHTON,WHSmith
Air,2,LOUGHTON,WHSmith
Air Bundle,2,LLANELLI,WHSmith
Solo,2,LLANELLI,WHSmith
Air,2,LLANELLI,WHSmith
Air Bundle,2,LLANDUDNO,WHSmith
Solo,1,LLANDUDNO,WHSmith
Air,2,LLANDUDNO,WHSmith
Air Bundle,3,LIVINGSTON O,WHSmith
Solo,4,LIVINGSTON O,WHSmith
Air,4,LIVINGSTON O,WHSmith
Air Bundle,2,LIVERPOOL,WHSmith
Solo,1,LIVERPOOL,WHSmith
Air,3,LIVERPOOL,WHSmith
Air Bundle,6,LINCOLN O,WHSmith
Solo,5,LINCOLN O,WHSmith
Air,7,LINCOLN O,WHSmith
Air Bundle,3,LICHFIELD,WHSmith
Solo,1,LICHFIELD,WHSmith
Air,1,LICHFIELD,WHSmith
Air Bundle,5,LEWES,WHSmith
Solo,1,LEWES,WHSmith
Air,2,LEWES,WHSmith
Air Bundle,1,LEWISHAM,WHSmith
Solo,1,LEWISHAM,WHSmith
Air,2,LEWISHAM,WHSmith
Air Bundle,0,LETCHWORTH,WHSmith
Solo,1,LETCHWORTH,WHSmith
Air,2,LETCHWORTH,WHSmith
Air Bundle,0,LEOMINSTER,WHSmith
Solo,2,LEOMINSTER,WHSmith
Air,4,LEOMINSTER,WHSmith
Air Bundle,0,LEEK,WHSmith
Solo,0,LEEK,WHSmith
Air,0,LEEK,WHSmith
Air Bundle,0,LEIGHTON BUZZARD,WHSmith
Solo,1,LEIGHTON BUZZARD,WHSmith
Air,2,LEIGHTON BUZZARD,WHSmith
Air Bundle,2,LEICESTER GALLOWTREE,WHSmith
Solo,3,LEICESTER GALLOWTREE,WHSmith
Air,3,LEICESTER GALLOWTREE,WHSmith
Air Bundle,0,WHITE ROSE LEEDS,WHSmith
Solo,1,WHITE ROSE LEEDS,WHSmith
Air,3,WHITE ROSE LEEDS,WHSmith
Air Bundle,2,LEEDS,WHSmith
Solo,1,LEEDS,WHSmith
Air,3,LEEDS,WHSmith
Air Bundle,2,LEATHERHEAD,WHSmith
Solo,3,LEATHERHEAD,WHSmith
Air,3,LEATHERHEAD,WHSmith
Air Bundle,3,LEAMINGTON SPA O,WHSmith
Solo,1,LEAMINGTON SPA O,WHSmith
Air,2,LEAMINGTON SPA O,WHSmith
Air Bundle,2,LARGS,WHSmith
Solo,2,LARGS,WHSmith
Air,3,LARGS,WHSmith
Air Bundle,0,LANCING WHSXBBS,WHSmith
Solo,1,LANCING WHSXBBS,WHSmith
Air,2,LANCING WHSXBBS,WHSmith
Air Bundle,3,LANCASTER,WHSmith
Solo,0,LANCASTER,WHSmith
Air,2,LANCASTER,WHSmith
Air Bundle,0,KNUTSFORD,WHSmith
Solo,1,KNUTSFORD,WHSmith
Air,2,KNUTSFORD,WHSmith
Air Bundle,0,KIRKINTILLOCH,WHSmith
Solo,3,KIRKINTILLOCH,WHSmith
Air,3,KIRKINTILLOCH,WHSmith
Air Bundle,2,KINGSTON U THAMES,WHSmith
Solo,2,KINGSTON U THAMES,WHSmith
Air,5,KINGSTON U THAMES,WHSmith
Air Bundle,4,KINGS LYNN,WHSmith
Solo,1,KINGS LYNN,WHSmith
Air,2,KINGS LYNN,WHSmith
Air Bundle,2,KINGS HEATH,WHSmith
Solo,1,KINGS HEATH,WHSmith
Air,6,KINGS HEATH,WHSmith
Air Bundle,0,KINGSBRIDGE,WHSmith
Solo,1,KINGSBRIDGE,WHSmith
Air,3,KINGSBRIDGE,WHSmith
Air Bundle,2,KILMARNOCK,WHSmith
Solo,2,KILMARNOCK,WHSmith
Air,6,KILMARNOCK,WHSmith
Air Bundle,0,VIC ST KIDDERMINSTER,WHSmith
Solo,2,VIC ST KIDDERMINSTER,WHSmith
Air,1,VIC ST KIDDERMINSTER,WHSmith
Air Bundle,0,KESWICK,WHSmith
Solo,0,KESWICK,WHSmith
Air,0,KESWICK,WHSmith
Air Bundle,0,KENILWORTH,WHSmith
Solo,2,KENILWORTH,WHSmith
Air,3,KENILWORTH,WHSmith
Air Bundle,0,KENDAL,WHSmith
Solo,0,KENDAL,WHSmith
Air,0,KENDAL,WHSmith
Air Bundle,2,KELSO,WHSmith
Solo,2,KELSO,WHSmith
Air,5,KELSO,WHSmith
Air Bundle,2,IPSWICH,WHSmith
Solo,2,IPSWICH,WHSmith
Air,2,IPSWICH,WHSmith
Air Bundle,2,INVERNESS,WHSmith
Solo,2,INVERNESS,WHSmith
Air,2,INVERNESS,WHSmith
Air Bundle,0,ILKLEY,WHSmith
Solo,0,ILKLEY,WHSmith
Air,0,ILKLEY,WHSmith
Air Bundle,3,ILFORD,WHSmith
Solo,1,ILFORD,WHSmith
Air,2,ILFORD,WHSmith
Air Bundle,0,HYTHE,WHSmith
Solo,1,HYTHE,WHSmith
Air,2,HYTHE,WHSmith
Air Bundle,2,HUNTINGDON,WHSmith
Solo,3,HUNTINGDON,WHSmith
Air,3,HUNTINGDON,WHSmith
Air Bundle,0,HUNGERFORD,WHSmith
Solo,0,HUNGERFORD,WHSmith
Air,0,HUNGERFORD,WHSmith
Air Bundle,2,PROSPECT CENT HULL O,WHSmith
Solo,1,PROSPECT CENT HULL O,WHSmith
Air,2,PROSPECT CENT HULL O,WHSmith
Air Bundle,0,HOVE (WHS),WHSmith
Solo,1,HOVE (WHS),WHSmith
Air,2,HOVE (WHS),WHSmith
Air Bundle,2,HORSHAM,WHSmith
Solo,2,HORSHAM,WHSmith
Air,3,HORSHAM,WHSmith
Air Bundle,2,HONITON,WHSmith
Solo,1,HONITON,WHSmith
Air,2,HONITON,WHSmith
Air Bundle,0,HINCKLEY,WHSmith
Solo,0,HINCKLEY,WHSmith
Air,0,HINCKLEY,WHSmith
Air Bundle,0,HITCHIN,WHSmith
Solo,1,HITCHIN,WHSmith
Air,2,HITCHIN,WHSmith
Air Bundle,2,HIGH WYCOMBE O,WHSmith
Solo,4,HIGH WYCOMBE O,WHSmith
Air,1,HIGH WYCOMBE O,WHSmith
Air Bundle,0,HEXHAM,WHSmith
Solo,1,HEXHAM,WHSmith
Air,2,HEXHAM,WHSmith
Air Bundle,0,HESWALL,WHSmith
Solo,0,HESWALL,WHSmith
Air,0,HESWALL,WHSmith
Air Bundle,2,HERTFORD,WHSmith
Solo,4,HERTFORD,WHSmith
Air,2,HERTFORD,WHSmith
Air Bundle,2,HEREFORD,WHSmith
Solo,1,HEREFORD,WHSmith
Air,3,HEREFORD,WHSmith
Air Bundle,0,HENLEY ON THAMES,WHSmith
Solo,2,HENLEY ON THAMES,WHSmith
Air,2,HENLEY ON THAMES,WHSmith
Air Bundle,2,HEMPSTEAD VALLEY,WHSmith
Solo,2,HEMPSTEAD VALLEY,WHSmith
Air,1,HEMPSTEAD VALLEY,WHSmith
Air Bundle,0,HELSTON,WHSmith
Solo,0,HELSTON,WHSmith
Air,0,HELSTON,WHSmith
Air Bundle,0,HELENSBURGH,WHSmith
Solo,2,HELENSBURGH,WHSmith
Air,2,HELENSBURGH,WHSmith
Air Bundle,2,HAYWARDS HEATH,WHSmith
Solo,1,HAYWARDS HEATH,WHSmith
Air,2,HAYWARDS HEATH,WHSmith
Air Bundle,3,HAYES,WHSmith
Solo,0,HAYES,WHSmith
Air,2,HAYES,WHSmith
Air Bundle,0,HAVERFORDWEST,WHSmith
Solo,3,HAVERFORDWEST,WHSmith
Air,2,HAVERFORDWEST,WHSmith
Air Bundle,4,HAVANT,WHSmith
Solo,2,HAVANT,WHSmith
Air,3,HAVANT,WHSmith
Air Bundle,4,HASTINGS,WHSmith
Solo,1,HASTINGS,WHSmith
Air,3,HASTINGS,WHSmith
Air Bundle,0,HASLEMERE,WHSmith
Solo,0,HASLEMERE,WHSmith
Air,0,HASLEMERE,WHSmith
Air Bundle,2,HARTLEPOOL,WHSmith
Solo,2,HARTLEPOOL,WHSmith
Air,2,HARTLEPOOL,WHSmith
Air Bundle,2,HARROW,WHSmith
Solo,2,HARROW,WHSmith
Air,2,HARROW,WHSmith
Air Bundle,2,HARROGATE,WHSmith
Solo,2,HARROGATE,WHSmith
Air,3,HARROGATE,WHSmith
Air Bundle,4,HARPENDEN,WHSmith
Solo,4,HARPENDEN,WHSmith
Air,7,HARPENDEN,WHSmith
Air Bundle,2,HARLOW,WHSmith
Solo,1,HARLOW,WHSmith
Air,2,HARLOW,WHSmith
Air Bundle,2,HARBORNE,WHSmith
Solo,2,HARBORNE,WHSmith
Air,5,HARBORNE,WHSmith
Air Bundle,2,HANLEY,WHSmith
Solo,2,HANLEY,WHSmith
Air,2,HANLEY,WHSmith
Air Bundle,2,HALIFAX,WHSmith
Solo,2,HALIFAX,WHSmith
Air,2,HALIFAX,WHSmith
Air Bundle,0,HAILSHAM,WHSmith
Solo,1,HAILSHAM,WHSmith
Air,2,HAILSHAM,WHSmith
Air Bundle,4,SOUTH GYLE U14 EDINB,WHSmith
Solo,2,SOUTH GYLE U14 EDINB,WHSmith
Air,3,SOUTH GYLE U14 EDINB,WHSmith
Air Bundle,4,GUILDFORD,WHSmith
Solo,3,GUILDFORD,WHSmith
Air,11,GUILDFORD,WHSmith
Air Bundle,0,GREAT YARMOUTH,WHSmith
Solo,2,GREAT YARMOUTH,WHSmith
Air,2,GREAT YARMOUTH,WHSmith
Air Bundle,0,GREENFORD RETAIL PK,WHSmith
Solo,1,GREENFORD RETAIL PK,WHSmith
Air,2,GREENFORD RETAIL PK,WHSmith
Air Bundle,0,GREAT MALVERN,WHSmith
Solo,1,GREAT MALVERN,WHSmith
Air,2,GREAT MALVERN,WHSmith
Air Bundle,0,GRANTHAM,WHSmith
Solo,1,GRANTHAM,WHSmith
Air,1,GRANTHAM,WHSmith
Air Bundle,0,GOSFORTH,WHSmith
Solo,2,GOSFORTH,WHSmith
Air,2,GOSFORTH,WHSmith
Air Bundle,2,GODALMING,WHSmith
Solo,2,GODALMING,WHSmith
Air,2,GODALMING,WHSmith
Air Bundle,2,GLOUCESTER,WHSmith
Solo,1,GLOUCESTER,WHSmith
Air,4,GLOUCESTER,WHSmith
Air Bundle,0,GLENROTHES,WHSmith
Solo,0,GLENROTHES,WHSmith
Air,0,GLENROTHES,WHSmith
Air Bundle,3,GALASHIELS,WHSmith
Solo,2,GALASHIELS,WHSmith
Air,2,GALASHIELS,WHSmith
Air Bundle,0,GATESHEAD METRO,WHSmith
Solo,1,GATESHEAD METRO,WHSmith
Air,4,GATESHEAD METRO,WHSmith
Air Bundle,2,FRODSHAM,WHSmith
Solo,3,FRODSHAM,WHSmith
Air,5,FRODSHAM,WHSmith
Air Bundle,0,FROME,WHSmith
Solo,0,FROME,WHSmith
Air,0,FROME,WHSmith
Air Bundle,0,FOSSE PARK,WHSmith
Solo,1,FOSSE PARK,WHSmith
Air,3,FOSSE PARK,WHSmith
Air Bundle,0,FORT WILLIAM,WHSmith
Solo,1,FORT WILLIAM,WHSmith
Air,2,FORT WILLIAM,WHSmith
Air Bundle,5,FORT KINNAIRD,WHSmith
Solo,6,FORT KINNAIRD,WHSmith
Air,4,FORT KINNAIRD,WHSmith
Air Bundle,2,FOREST HILL,WHSmith
Solo,4,FOREST HILL,WHSmith
Air,2,FOREST HILL,WHSmith
Air Bundle,2,FOLKESTONE,WHSmith
Solo,2,FOLKESTONE,WHSmith
Air,4,FOLKESTONE,WHSmith
Air Bundle,0,FLEET,WHSmith
Solo,1,FLEET,WHSmith
Air,5,FLEET,WHSmith
Air Bundle,0,FELIXSTOWE,WHSmith
Solo,2,FELIXSTOWE,WHSmith
Air,3,FELIXSTOWE,WHSmith
Air Bundle,0,FARNBOROUGH,WHSmith
Solo,1,FARNBOROUGH,WHSmith
Air,2,FARNBOROUGH,WHSmith
Air Bundle,4,FARNHAM,WHSmith
Solo,4,FARNHAM,WHSmith
Air,3,FARNHAM,WHSmith
Air Bundle,4,FAREHAM O,WHSmith
Solo,1,FAREHAM O,WHSmith
Air,4,FAREHAM O,WHSmith
Air Bundle,3,FALMOUTH,WHSmith
Solo,1,FALMOUTH,WHSmith
Air,2,FALMOUTH,WHSmith
Air Bundle,2,EXMOUTH,WHSmith
Solo,1,EXMOUTH,WHSmith
Air,2,EXMOUTH,WHSmith
Air Bundle,2,EXETER O,WHSmith
Solo,1,EXETER O,WHSmith
Air,3,EXETER O,WHSmith
Air Bundle,0,EVESHAM,WHSmith
Solo,0,EVESHAM,WHSmith
Air,0,EVESHAM,WHSmith
Air Bundle,4,EPSOM,WHSmith
Solo,1,EPSOM,WHSmith
Air,3,EPSOM,WHSmith
Air Bundle,0,ERDINGTON,WHSmith
Solo,0,ERDINGTON,WHSmith
Air,0,ERDINGTON,WHSmith
Air Bundle,0,EPPING,WHSmith
Solo,2,EPPING,WHSmith
Air,2,EPPING,WHSmith
Air Bundle,2,ENFIELD,WHSmith
Solo,2,ENFIELD,WHSmith
Air,2,ENFIELD,WHSmith
Air Bundle,0,ELY,WHSmith
Solo,1,ELY,WHSmith
Air,2,ELY,WHSmith
Air Bundle,2,ELTHAM,WHSmith
Solo,2,ELTHAM,WHSmith
Air,1,ELTHAM,WHSmith
Air Bundle,2,EDGWARE,WHSmith
Solo,1,EDGWARE,WHSmith
Air,3,EDGWARE,WHSmith
Air Bundle,0,EAST SHEEN,WHSmith
Solo,1,EAST SHEEN,WHSmith
Air,2,EAST SHEEN,WHSmith
Air Bundle,0,EAST RETFORD,WHSmith
Solo,0,EAST RETFORD,WHSmith
Air,0,EAST RETFORD,WHSmith
Air Bundle,0,EASTLEIGH,WHSmith
Solo,0,EASTLEIGH,WHSmith
Air,0,EASTLEIGH,WHSmith
Air Bundle,4,EAST KILBRIDE,WHSmith
Solo,4,EAST KILBRIDE,WHSmith
Air,2,EAST KILBRIDE,WHSmith
Air Bundle,2,EAST GRINSTEAD,WHSmith
Solo,4,EAST GRINSTEAD,WHSmith
Air,2,EAST GRINSTEAD,WHSmith
Air Bundle,2,EASTBOURNE,WHSmith
Solo,1,EASTBOURNE,WHSmith
Air,2,EASTBOURNE,WHSmith
Air Bundle,3,EALING,WHSmith
Solo,4,EALING,WHSmith
Air,6,EALING,WHSmith
Air Bundle,0,DUNDEE,WHSmith
Solo,3,DUNDEE,WHSmith
Air,2,DUNDEE,WHSmith
Air Bundle,0,DUNSTABLE,WHSmith
Solo,0,DUNSTABLE,WHSmith
Air,0,DUNSTABLE,WHSmith
Air Bundle,5,DUNFERMLINE,WHSmith
Solo,3,DUNFERMLINE,WHSmith
Air,4,DUNFERMLINE,WHSmith
Air Bundle,3,DURHAM,WHSmith
Solo,3,DURHAM,WHSmith
Air,3,DURHAM,WHSmith
Air Bundle,0,DROITWICH,WHSmith
Solo,1,DROITWICH,WHSmith
Air,5,DROITWICH,WHSmith
Air Bundle,0,DUMFRIES,WHSmith
Solo,1,DUMFRIES,WHSmith
Air,3,DUMFRIES,WHSmith
Air Bundle,0,DRIFFIELD,WHSmith
Solo,3,DRIFFIELD,WHSmith
Air,4,DRIFFIELD,WHSmith
Air Bundle,3,DOVER O,WHSmith
Solo,2,DOVER O,WHSmith
Air,3,DOVER O,WHSmith
Air Bundle,0,DOUGLAS I OF M,WHSmith
Solo,1,DOUGLAS I OF M,WHSmith
Air,0,DOUGLAS I OF M,WHSmith
Air Bundle,0,DORKING,WHSmith
Solo,1,DORKING,WHSmith
Air,2,DORKING,WHSmith
Air Bundle,0,81HIGHST DORKING BBS,WHSmith
Solo,0,81HIGHST DORKING BBS,WHSmith
Air,0,81HIGHST DORKING BBS,WHSmith
Air Bundle,1,DORCHESTER,WHSmith
Solo,1,DORCHESTER,WHSmith
Air,2,DORCHESTER,WHSmith
Air Bundle,0,DIDCOT,WHSmith
Solo,2,DIDCOT,WHSmith
Air,3,DIDCOT,WHSmith
Air Bundle,0,DEVIZES,WHSmith
Solo,1,DEVIZES,WHSmith
Air,2,DEVIZES,WHSmith
Air Bundle,3,DERBY,WHSmith
Solo,4,DERBY,WHSmith
Air,3,DERBY,WHSmith
Air Bundle,0,DEAL,WHSmith
Solo,1,DEAL,WHSmith
Air,2,DEAL,WHSmith
Air Bundle,2,DARTFORD,WHSmith
Solo,1,DARTFORD,WHSmith
Air,3,DARTFORD,WHSmith
Air Bundle,0,BLUEWATER PARK,WHSmith
Solo,3,BLUEWATER PARK,WHSmith
Air,3,BLUEWATER PARK,WHSmith
Air Bundle,2,DARLINGTON,WHSmith
Solo,1,DARLINGTON,WHSmith
Air,5,DARLINGTON,WHSmith
Air Bundle,2,DALKEITH,WHSmith
Solo,2,DALKEITH,WHSmith
Air,2,DALKEITH,WHSmith
Air Bundle,5,CWMBRAN,WHSmith
Solo,4,CWMBRAN,WHSmith
Air,3,CWMBRAN,WHSmith
Air Bundle,0,CUPAR,WHSmith
Solo,1,CUPAR,WHSmith
Air,2,CUPAR,WHSmith
Air Bundle,2,CROYDON,WHSmith
Solo,2,CROYDON,WHSmith
Air,3,CROYDON,WHSmith
Air Bundle,0,CROWBOROUGH,WHSmith
Solo,4,CROWBOROUGH,WHSmith
Air,3,CROWBOROUGH,WHSmith
Air Bundle,2,CRIBBS CAUSEWAY,WHSmith
Solo,2,CRIBBS CAUSEWAY,WHSmith
Air,3,CRIBBS CAUSEWAY,WHSmith
Air Bundle,3,CRAWLEY,WHSmith
Solo,3,CRAWLEY,WHSmith
Air,2,CRAWLEY,WHSmith
Air Bundle,0,CRANLEIGH,WHSmith
Solo,1,CRANLEIGH,WHSmith
Air,2,CRANLEIGH,WHSmith
Air Bundle,0,COWBRIDGE,WHSmith
Solo,0,COWBRIDGE,WHSmith
Air,0,COWBRIDGE,WHSmith
Air Bundle,3,COVENTRY O,WHSmith
Solo,2,COVENTRY O,WHSmith
Air,3,COVENTRY O,WHSmith
Air Bundle,0,COSHAM,WHSmith
Solo,0,COSHAM,WHSmith
Air,0,COSHAM,WHSmith
Air Bundle,0,CORBY,WHSmith
Solo,2,CORBY,WHSmith
Air,3,CORBY,WHSmith
Air Bundle,0,CONGLETON,WHSmith
Solo,2,CONGLETON,WHSmith
Air,3,CONGLETON,WHSmith
Air Bundle,0,COLLIERS WOOD,WHSmith
Solo,2,COLLIERS WOOD,WHSmith
Air,2,COLLIERS WOOD,WHSmith
Air Bundle,2,COLCHESTER,WHSmith
Solo,1,COLCHESTER,WHSmith
Air,3,COLCHESTER,WHSmith
Air Bundle,0,CLITHEROE,WHSmith
Solo,2,CLITHEROE,WHSmith
Air,3,CLITHEROE,WHSmith
Air Bundle,2,WHITELADIES CLIFTON,WHSmith
Solo,2,WHITELADIES CLIFTON,WHSmith
Air,2,WHITELADIES CLIFTON,WHSmith
Air Bundle,0,CLEVELEYS,WHSmith
Solo,0,CLEVELEYS,WHSmith
Air,0,CLEVELEYS,WHSmith
Air Bundle,0,CLEVEDON,WHSmith
Solo,0,CLEVEDON,WHSmith
Air,0,CLEVEDON,WHSmith
Air Bundle,0,CLAPHAM,WHSmith
Solo,1,CLAPHAM,WHSmith
Air,2,CLAPHAM,WHSmith
Air Bundle,0,CLACTON ON SEA,WHSmith
Solo,1,CLACTON ON SEA,WHSmith
Air,2,CLACTON ON SEA,WHSmith
Air Bundle,2,CIRENCESTER,WHSmith
Solo,1,CIRENCESTER,WHSmith
Air,1,CIRENCESTER,WHSmith
Air Bundle,0,CHRISTCHURCH,WHSmith
Solo,2,CHRISTCHURCH,WHSmith
Air,3,CHRISTCHURCH,WHSmith
Air Bundle,0,CHIPPING NORTON,WHSmith
Solo,2,CHIPPING NORTON,WHSmith
Air,5,CHIPPING NORTON,WHSmith
Air Bundle,2,CHIPPENHAM,WHSmith
Solo,4,CHIPPENHAM,WHSmith
Air,2,CHIPPENHAM,WHSmith
Air Bundle,2,CHICHESTER,WHSmith
Solo,4,CHICHESTER,WHSmith
Air,5,CHICHESTER,WHSmith
Air Bundle,0,NOR ST CHICHSTER BBS,WHSmith
Solo,0,NOR ST CHICHSTER BBS,WHSmith
Air,0,NOR ST CHICHSTER BBS,WHSmith
Air Bundle,3,CHESTER,WHSmith
Solo,5,CHESTER,WHSmith
Air,2,CHESTER,WHSmith
Air Bundle,2,CHEPSTOW,WHSmith
Solo,2,CHEPSTOW,WHSmith
Air,3,CHEPSTOW,WHSmith
Air Bundle,2,CHESTERFIELD,WHSmith
Solo,1,CHESTERFIELD,WHSmith
Air,3,CHESTERFIELD,WHSmith
Air Bundle,0,CHESHAM,WHSmith
Solo,1,CHESHAM,WHSmith
Air,2,CHESHAM,WHSmith
Air Bundle,3,CHELTENHAM HIGH,WHSmith
Solo,3,CHELTENHAM HIGH,WHSmith
Air,4,CHELTENHAM HIGH,WHSmith
Air Bundle,4,CHELMSFORD,WHSmith
Solo,4,CHELMSFORD,WHSmith
Air,3,CHELMSFORD,WHSmith
Air Bundle,0,CHEAM,WHSmith
Solo,0,CHEAM,WHSmith
Air,0,CHEAM,WHSmith
Air Bundle,2,CATERHAM,WHSmith
Solo,1,CATERHAM,WHSmith
Air,3,CATERHAM,WHSmith
Air Bundle,0,CARMARTHEN,WHSmith
Solo,0,CARMARTHEN,WHSmith
Air,0,CARMARTHEN,WHSmith
Air Bundle,2,CARLISLE,WHSmith
Solo,2,CARLISLE,WHSmith
Air,2,CARLISLE,WHSmith
Air Bundle,0,CARDIGAN,WHSmith
Solo,1,CARDIGAN,WHSmith
Air,2,CARDIGAN,WHSmith
Air Bundle,2,CARDIFF O,WHSmith
Solo,2,CARDIFF O,WHSmith
Air,3,CARDIFF O,WHSmith
Air Bundle,0,CANNOCK,WHSmith
Solo,0,CANNOCK,WHSmith
Air,0,CANNOCK,WHSmith
Air Bundle,2,CANTERBURY,WHSmith
Solo,1,CANTERBURY,WHSmith
Air,2,CANTERBURY,WHSmith
Air Bundle,2,CAMERON TOLL O,WHSmith
Solo,1,CAMERON TOLL O,WHSmith
Air,2,CAMERON TOLL O,WHSmith
Air Bundle,0,CAMBRIDGE,WHSmith
Solo,3,CAMBRIDGE,WHSmith
Air,3,CAMBRIDGE,WHSmith
Air Bundle,0,CAMBORNE,WHSmith
Solo,0,CAMBORNE,WHSmith
Air,0,CAMBORNE,WHSmith
Air Bundle,3,CAERPHILLY,WHSmith
Solo,2,CAERPHILLY,WHSmith
Air,8,CAERPHILLY,WHSmith
Air Bundle,0,CAERNARFON,WHSmith
Solo,1,CAERNARFON,WHSmith
Air,2,CAERNARFON,WHSmith
Air Bundle,2,BUXTON,WHSmith
Solo,1,BUXTON,WHSmith
Air,3,BUXTON,WHSmith
Air Bundle,2,BURY ST EDMUNDS,WHSmith
Solo,1,BURY ST EDMUNDS,WHSmith
Air,2,BURY ST EDMUNDS,WHSmith
Air Bundle,0,BURY,WHSmith
Solo,2,BURY,WHSmith
Air,4,BURY,WHSmith
Air Bundle,0,BURNLEY,WHSmith
Solo,0,BURNLEY,WHSmith
Air,0,BURNLEY,WHSmith
Air Bundle,2,BURGESS HILL,WHSmith
Solo,2,BURGESS HILL,WHSmith
Air,2,BURGESS HILL,WHSmith
Air Bundle,0,BUDE,WHSmith
Solo,0,BUDE,WHSmith
Air,0,BUDE,WHSmith
Air Bundle,0,BUCKINGHAM,WHSmith
Solo,0,BUCKINGHAM,WHSmith
Air,0,BUCKINGHAM,WHSmith
Air Bundle,0,BROUGHTON PARC,WHSmith
Solo,2,BROUGHTON PARC,WHSmith
Air,2,BROUGHTON PARC,WHSmith
Air Bundle,0,BROMSGROVE,WHSmith
Solo,0,BROMSGROVE,WHSmith
Air,0,BROMSGROVE,WHSmith
Air Bundle,3,BROMLEY,WHSmith
Solo,2,BROMLEY,WHSmith
Air,3,BROMLEY,WHSmith
Air Bundle,0,BRIXTON,WHSmith
Solo,0,BRIXTON,WHSmith
Air,0,BRIXTON,WHSmith
Air Bundle,2,BRISTOL GALLERIES,WHSmith
Solo,1,BRISTOL GALLERIES,WHSmith
Air,2,BRISTOL GALLERIES,WHSmith
Air Bundle,0,KINGSWOOD,WHSmith
Solo,0,KINGSWOOD,WHSmith
Air,0,KINGSWOOD,WHSmith
Air Bundle,3,BRIGHTON,WHSmith
Solo,1,BRIGHTON,WHSmith
Air,2,BRIGHTON,WHSmith
Air Bundle,0,LONDRD BIGTN WHSXBBS,WHSmith
Solo,1,LONDRD BIGTN WHSXBBS,WHSmith
Air,2,LONDRD BIGTN WHSXBBS,WHSmith
Air Bundle,0,BRIDPORT,WHSmith
Solo,1,BRIDPORT,WHSmith
Air,2,BRIDPORT,WHSmith
Air Bundle,3,BRIDGNORTH,WHSmith
Solo,2,BRIDGNORTH,WHSmith
Air,5,BRIDGNORTH,WHSmith
Air Bundle,4,BRIDGEND RHIW CENT O,WHSmith
Solo,2,BRIDGEND RHIW CENT O,WHSmith
Air,1,BRIDGEND RHIW CENT O,WHSmith
Air Bundle,3,BAYTRE BRENTWOOD,WHSmith
Solo,2,BAYTRE BRENTWOOD,WHSmith
Air,2,BAYTRE BRENTWOOD,WHSmith
Air Bundle,0,BRENT CROSS,WHSmith
Solo,1,BRENT CROSS,WHSmith
Air,3,BRENT CROSS,WHSmith
Air Bundle,3,BRECON O,WHSmith
Solo,2,BRECON O,WHSmith
Air,1,BRECON O,WHSmith
Air Bundle,0,BRAINTREE,WHSmith
Solo,2,BRAINTREE,WHSmith
Air,2,BRAINTREE,WHSmith
Air Bundle,2,BRADFORD,WHSmith
Solo,1,BRADFORD,WHSmith
Air,2,BRADFORD,WHSmith
Air Bundle,6,BRACKNELL,WHSmith
Solo,4,BRACKNELL,WHSmith
Air,5,BRACKNELL,WHSmith
Air Bundle,2,CASTLEPOINT O,WHSmith
Solo,4,CASTLEPOINT O,WHSmith
Air,4,CASTLEPOINT O,WHSmith
Air Bundle,0,BOREHAMWOOD,WHSmith
Solo,1,BOREHAMWOOD,WHSmith
Air,2,BOREHAMWOOD,WHSmith
Air Bundle,3,BOGNOR REGIS WHSXBBS,WHSmith
Solo,1,BOGNOR REGIS WHSXBBS,WHSmith
Air,2,BOGNOR REGIS WHSXBBS,WHSmith
Air Bundle,0,BLANDFORD,WHSmith
Solo,0,BLANDFORD,WHSmith
Air,0,BLANDFORD,WHSmith
Air Bundle,2,BISHOPS STORTFORD,WHSmith
Solo,3,BISHOPS STORTFORD,WHSmith
Air,5,BISHOPS STORTFORD,WHSmith
Air Bundle,5,BIRMINGHAM,WHSmith
Solo,2,BIRMINGHAM,WHSmith
Air,5,BIRMINGHAM,WHSmith
Air Bundle,0,BILLERICAY,WHSmith
Solo,0,BILLERICAY,WHSmith
Air,0,BILLERICAY,WHSmith
Air Bundle,0,BIDEFORD,WHSmith
Solo,0,BIDEFORD,WHSmith
Air,0,BIDEFORD,WHSmith
Air Bundle,3,BEXLEYHEATH,WHSmith
Solo,1,BEXLEYHEATH,WHSmith
Air,3,BEXLEYHEATH,WHSmith
Air Bundle,0,BEXHILL (WHS),WHSmith
Solo,0,BEXHILL (WHS),WHSmith
Air,0,BEXHILL (WHS),WHSmith
Air Bundle,2,39 TOLL BEVERLEY STY,WHSmith
Solo,3,39 TOLL BEVERLEY STY,WHSmith
Air,2,39 TOLL BEVERLEY STY,WHSmith
Air Bundle,2,BERWICK-ON-TWEED,WHSmith
Solo,1,BERWICK-ON-TWEED,WHSmith
Air,3,BERWICK-ON-TWEED,WHSmith
Air Bundle,0,BERKHAMSTED,WHSmith
Solo,2,BERKHAMSTED,WHSmith
Air,4,BERKHAMSTED,WHSmith
Air Bundle,3,BEESTON O,WHSmith
Solo,1,BEESTON O,WHSmith
Air,5,BEESTON O,WHSmith
Air Bundle,2,BECKENHAM,WHSmith
Solo,2,BECKENHAM,WHSmith
Air,2,BECKENHAM,WHSmith
Air Bundle,0,BECCLES,WHSmith
Solo,0,BECCLES,WHSmith
Air,0,BECCLES,WHSmith
Air Bundle,0,BEACONSFIELD,WHSmith
Solo,0,BEACONSFIELD,WHSmith
Air,0,BEACONSFIELD,WHSmith
Air Bundle,0,BATHGATE,WHSmith
Solo,2,BATHGATE,WHSmith
Air,2,BATHGATE,WHSmith
Air Bundle,3,BATH UNION ST,WHSmith
Solo,4,BATH UNION ST,WHSmith
Air,3,BATH UNION ST,WHSmith
Air Bundle,3,BASILDON,WHSmith
Solo,4,BASILDON,WHSmith
Air,6,BASILDON,WHSmith
Air Bundle,3,BARNSTAPLE,WHSmith
Solo,1,BARNSTAPLE,WHSmith
Air,1,BARNSTAPLE,WHSmith
Air Bundle,0,BARNET,WHSmith
Solo,1,BARNET,WHSmith
Air,2,BARNET,WHSmith
Air Bundle,2,264HIGHST BANGOR STY,WHSmith
Solo,1,264HIGHST BANGOR STY,WHSmith
Air,1,264HIGHST BANGOR STY,WHSmith
Air Bundle,0,BANCHORY,WHSmith
Solo,1,BANCHORY,WHSmith
Air,0,BANCHORY,WHSmith
Air Bundle,3,BANBURY,WHSmith
Solo,5,BANBURY,WHSmith
Air,1,BANBURY,WHSmith
Air Bundle,6,AYR O,WHSmith
Solo,3,AYR O,WHSmith
Air,5,AYR O,WHSmith
Air Bundle,2,AYLESBURY,WHSmith
Solo,2,AYLESBURY,WHSmith
Air,2,AYLESBURY,WHSmith
Air Bundle,2,ASHTON UNDER LYNE,WHSmith
Solo,1,ASHTON UNDER LYNE,WHSmith
Air,2,ASHTON UNDER LYNE,WHSmith
Air Bundle,3,ASHFORD,WHSmith
Solo,3,ASHFORD,WHSmith
Air,2,ASHFORD,WHSmith
Air Bundle,0,ASHBY DE LA ZOUCH,WHSmith
Solo,1,ASHBY DE LA ZOUCH,WHSmith
Air,2,ASHBY DE LA ZOUCH,WHSmith
Air Bundle,0,ASCOT,WHSmith
Solo,1,ASCOT,WHSmith
Air,2,ASCOT,WHSmith
Air Bundle,2,ARBROATH,WHSmith
Solo,2,ARBROATH,WHSmith
Air,2,ARBROATH,WHSmith
Air Bundle,0,ARNOLD,WHSmith
Solo,0,ARNOLD,WHSmith
Air,0,ARNOLD,WHSmith
Air Bundle,2,ARGYLE STREET,WHSmith
Solo,1,ARGYLE STREET,WHSmith
Air,2,ARGYLE STREET,WHSmith
Air Bundle,2,ANDOVER,WHSmith
Solo,1,ANDOVER,WHSmith
Air,2,ANDOVER,WHSmith
Air Bundle,0,AMERSHAM,WHSmith
Solo,0,AMERSHAM,WHSmith
Air,0,AMERSHAM,WHSmith
Air Bundle,3,ALTRINCHAM O,WHSmith
Solo,2,ALTRINCHAM O,WHSmith
Air,6,ALTRINCHAM O,WHSmith
Air Bundle,2,ALTON,WHSmith
Solo,2,ALTON,WHSmith
Air,3,ALTON,WHSmith
Air Bundle,0,ALNWICK,WHSmith
Solo,1,ALNWICK,WHSmith
Air,4,ALNWICK,WHSmith
Air Bundle,2,ALDRIDGE,WHSmith
Solo,3,ALDRIDGE,WHSmith
Air,3,ALDRIDGE,WHSmith
Air Bundle,0,AIRDRIE,WHSmith
Solo,2,AIRDRIE,WHSmith
Air,3,AIRDRIE,WHSmith
Air Bundle,0,ABINGDON,WHSmith
Solo,1,ABINGDON,WHSmith
Air,2,ABINGDON,WHSmith
Air Bundle,2,ST NICHOLAS ABERDEEN,WHSmith
Solo,3,ST NICHOLAS ABERDEEN,WHSmith
Air,3,ST NICHOLAS ABERDEEN,WHSmith
Air Bundle,2,ABERYSTWYTH,WHSmith
Solo,2,ABERYSTWYTH,WHSmith
Air,4,ABERYSTWYTH,WHSmith
Air Bundle,0,FROGMORE ABERGAVENNY,WHSmith
Solo,1,FROGMORE ABERGAVENNY,WHSmith
Air,2,FROGMORE ABERGAVENNY,WHSmith
